id;ref_carte;created_at;update_at;commande_id
1;Cambridgeshire Reduced;2023-09-14T12:46:18;2023-09-14T05:23:02;1
2;index magenta;2023-09-14T07:27:06;2023-09-14T08:46:46;2
3;Louisiana;2023-09-14T15:01:46;2023-09-14T17:09:03;3
4;Incredible;2023-09-14T20:59:51;2023-09-13T23:37:38;4
5;New Buckinghamshire;2023-09-14T11:45:24;2023-09-14T11:11:53;5
6;AGP Investment Monetary;2023-09-14T09:51:12;2023-09-13T22:58:00;6
7;Bacon XSS Dynamic;2023-09-14T02:17:36;2023-09-14T03:53:42;7
8;e-business Direct;2023-09-14T09:04:14;2023-09-14T01:36:10;8
9;payment Buckinghamshire Incredible;2023-09-14T11:26:20;2023-09-14T19:28:13;9
10;Dollar pricing;2023-09-14T01:06:12;2023-09-14T19:35:19;10
